driver_id,trip_id,exposure_km,night_ratio,p95_over_limit_kph,harsh_brakes_per100km,phone_motion_ratio,rain_flag,mean_speed_kph,crash_grid_index,p_claim,sev_mean,ec100_trip,ec100,risk_0_100
SAFE_001,T_b4336016ab,29.74798263743567,0.0,3.5009023916129145,13.643388298347285,0.0,0,46.02272322533828,0.1683757407656418,0.15390537500629892,1.0392651299537032,0.15994848955649468,0.5376784419499128,0.2688392209749564
SAFE_001,T_68dd1805e7,15.616760987565016,0.0939698987431414,3.5555838708578964,8.396184185367296,0.1063620603484016,0,38.12566029693409,0.2368750784082499,0.12776484850929865,458.90187915857126,58.63152907132733,375.4397542359341,96.92996927949176
SAFE_001,T_c0b2a97998,37.98463778330023,0.0475037044506873,1.630275272909479,3.914422733576352,0.1111270669337015,0,41.573377422695145,0.164786644951177,0.2796471468336033,458.90187915857126,128.33060118327347,337.84869008200315,92.2310862602504
SAFE_001,T_a32e86c1b,46.93458439081338,0.0706366305797994,2.8616420060157655,20.849885605222767,0.0296792491807692,0,38.489818174016975,0.2615979422575495,0.1751478467356812,17.456823062086045,3.0575249701701517,6.51443921333329,3.257219606666645
SAFE_001,T_1e3fecd837,20.017354390669585,0.0079921761518735,0.3510375686175209,11.903556726948208,0.0871627085601721,0,35.6304386370997,0.2543154268305195,0.12776484850929865,458.90187915857126,58.63152907132733,292.9034872793002,86.61293590991252
SAFE_001,T_bb5fb19378,39.46932338757811,0.0558342904570364,2.4373771934580257,13.22857266768914,0.0611797774387341,1,45.54063255591113,0.2289119398689984,0.26226187400215945,348.33533705377044,91.35507827689568,231.45843514927645,78.93230439365956
SAFE_001,T_a42f21c442,5.0,0.0340164391821349,1.059254691414409,4.166732910539949,0.0362428874386658,1,38.07335107445405,0.2968278354591481,0.09448263944522349,17.04472176525684,1.610430300990915,32.208606019818305,16.104303009909152
SAFE_001,T_b21d7c32c8,27.130435126775776,0.0581376532552502,3.172444662718556,12.267359478757127,0.0896673617599962,1,41.301185658683465,0.2857975881257154,0.1630042840178374,458.90187915857126,74.80297224668304,275.71608010391964,84.46451001298996
SAFE_001,T_c6b2c97af4,39.38385590951005,0.0,0.1610954279967773,10.982964464322585,0.0571212868035282,0,41.58197882930773,0.2158539691076714,0.21275522780877432,102.46173755810405,21.799270315857274,55.35077714570195,27.675388572850974
SAFE_001,T_5e9e8b6580,30.187411780915312,0.0728387618778705,0.6761481178666975,5.821676920609569,0.0309131053000835,0,48.895779846284654,0.1530597659797276,0.15390537500629892,8.69719337482193,1.3385448078542677,4.434115841294168,2.217057920647084
SAFE_001,T_2376823f39,10.159505814683964,0.0723265588014972,3.3307702179455725,7.409087092943459,0.0288350843977923,0,31.50132452833576,0.0552887527576912,0.09448263944522349,10.5870464193046,1.000292089625001,9.845873489035622,4.922936744517811
SAFE_001,T_dff5919025,26.91843663198555,0.0699887113361718,0.1890418892798784,5.731024675763662,0.1149614148893032,0,50.900124547736695,0.1066382319990123,0.2089675058855663,458.90187915857126,95.89558113396618,356.2449871996625,94.53062339995782
SAFE_001,T_1671595be9,31.081942615708044,0.0330483462049718,3.680616274914791,0.0,0.0717211821772928,0,40.246800354425645,0.0553942145611545,0.1630042840178374,458.90187915857126,74.80297224668304,240.66376150144316,80.08297018768039
SAFE_001,T_a783557bae,50.38781362860655,0.0616338105677352,2.0437042910468857,17.61067334792549,0.0380322186263487,1,46.43420507965053,0.2219996683971765,0.23797578406723788,31.945537806446357,7.602264406938662,15.08750600486989,7.543753002434945
SAFE_001,T_4ccd42a8ac,39.52726420221607,0.0678435529574754,4.926605782439124,0.8674216740628946,0.0180124233625126,0,41.881521574753855,0.0623313852443691,0.23111782167810446,7.217305440891606,1.6680479118843994,4.21999332751919,2.109996663759595
SAFE_001,T_54f377535,15.15692819952204,0.0,0.0,9.88108308470117,0.091906328394719,0,65.0,0.2414409433275996,0.20633724545015542,458.90187915857126,94.68854967747968,624.7212392314796,100.0
SAFE_001,T_6e3e2ae4e0,27.620477444419677,0.0633855731171918,0.374117809379348,5.507856438921888,0.0193951600470096,1,53.52784184630115,0.2157048567445344,0.15390537500629892,2.9961344281054103,0.4611211927268461,1.669490303542921,0.8347451517714605
SAFE_001,T_80ff20a5b3,12.225843503744631,0.0,1.0273841818533382,7.677304695090077,0.1383964956789941,0,52.86191608818446,0.1500704401460848,0.20633724545015542,458.90187915857126,94.68854967747968,774.4950248093533,100.0
SAFE_001,T_8b5f64d90,27.650431535128643,0.0137386967732123,6.256939464870329,3.071679924653683,0.0919244601868172,0,52.45258410299395,0.2384950966105863,0.2089675058855663,458.90187915857126,95.89558113396618,346.8140488590028,93.35175610737535
SAFE_001,T_3b98b55307,32.39987420360158,0.0172606152285304,2.892144402964161,5.27009911795532,0.0,0,46.38070334177696,0.3579091256410435,0.15390537500629892,1.1335047818499746,0.1744524785220534,0.5384356662183004,0.2692178331091502
SAFE_002,T_d00591d051,32.74851655832859,0.0642913069801271,4.61200348341365,9.316295008183138,0.0294536384583131,0,48.43005150769291,0.3535755991995992,0.15390537500629892,38.01126647095651,5.850138220676918,17.863826626336493,8.931913313168247
SAFE_002,T_da1e6a4145,16.579094715662603,0.0,5.3018558644625,18.341994324699783,0.0410240393358699,1,56.69155433793762,0.0892954317956512,0.15390537500629892,112.05642599025819,17.246086263896267,104.02308786862496,51.005771967156235
SAFE_002,T_b500f07161,5.0,0.0302697438570205,1.9897562665598576,7.0193426088529245,0.0668787274399466,0,45.72467925521397,0.2643938793276858,0.20633724545015542,458.90187915857126,94.68854967747968,1893.7709935495939,100.0
SAFE_002,T_75e39d9f64,22.73745849999632,0.0078384864853564,0.0,2.731085798427495,0.0332938279649593,0,34.38885825808349,0.2030631492594417,0.09448263944522349,7.591354820795807,0.7172512404340095,3.154491696748454,1.577245848374227
SAFE_002,T_4611f09b44,32.64860037680567,0.1001378912652302,3.076230874007852,16.02438864465646,0.0422747160375049,0,43.20912946495601,0.2242496791271221,0.15170282557018153,63.271283101583414,9.598432423961082,29.399215626958497,14.699607813479249
SAFE_002,T_18a7fa2566,21.139394790547705,0.0545244890813937,2.4564566602778104,23.10484422520352,0.1438422305640835,0,42.70093310760659,0.0536557998162996,0.20356487096584414,458.90187915857126,93.41630181689796,441.9062264671278,100.0
SAFE_002,T_42727b968,16.847088327486176,0.1102926810444116,0.541832324512783,4.07512135959322,0.0,0,36.5006847051235,0.1470560572633926,0.09448263944522349,0.3101747288360129,0.02930612706963297,0.17395366190263134,0.08697683095131567
SAFE_002,T_97ca1e00ab,12.426500567619875,0.0,0.0,20.775482672169787,0.0,0,59.69530822657051,0.4905067169240407,0.15390537500629892,0.7217998768401086,0.11108888072457729,0.8939675343036244,0.4469837671518122
SAFE_002,T_8a6701e30c,27.992655532259384,0.0670777775470254,5.457395288811185,2.078857529430575,0.0377361077028945,0,48.47812859573295,0.16238439287699,0.15390537500629892,78.7978127157941,12.1274069157004,43.32353142317811,21.661765711589055
SAFE_002,T_1ae3be8531,35.27634612598805,0.0380913128012667,1.4672250199820898,9.393019337757536,0.0222336390590492,0,53.10172654255863,0.2155429327668466,0.1561998695900674,5.7726345105099215,0.9016847577327723,2.5560605242743724,1.2780302621371862
SAFE_002,T_75781b6d5e,18.55414185457849,0.0500042196545707,0.5568839329143052,9.898965570039849,0.0451356700793255,0,57.58683921980194,0.2385846552556501,0.15390537500629892,45.56398165845921,7.01254168392529,37.79502031884514,18.89751015942257
SAFE_002,T_56fd23545b,36.816305073215446,0.0630578858454078,0.0,15.146857718533193,0.0631374612573569,0,31.043312104206457,0.2927438481558181,0.19732499834553532,173.64086505318454,34.26368340933696,93.06660008710227,46.53330004355114
SAFE_002,T_e412f6630a,52.07237959489736,0.0264237596275025,2.527434408713039,8.314800790137461,0.0353914407098222,1,42.98418097434491,0.2152562512102468,0.23797578406723788,25.806419921601446,6.141303014811491,11.793782159733075,5.8968910798665375
SAFE_002,T_6bc0fde5d9,6.9920789262579355,0.0381574867745157,2.353024842744894,9.775963938122596,0.0314042709339355,0,47.623963869712874,0.3727350214164185,0.15390537500629892,21.85187703881856,3.363121330250903,48.09901841383818,24.04950920691909
SAFE_002,T_554eb11b22,47.66117833466541,0.0335737388438553,1.8773513083423057,1.682608935776306,0.0332771913822061,0,49.66124193590166,0.3732311605409944,0.23797578406723788,23.625518376907102,5.622301259739405,11.796395842882752,5.898197921441376
SAFE_002,T_7caa6683c6,12.325445653277017,0.1371967263083896,2.8779863174765974,12.967929060782351,0.0351714523232645,0,39.42060941359779,0.2989583934594853,0.11490301117884963,29.998344413995007,3.4469001035482494,27.965723921972817,13.982861960986408
SAFE_002,T_a1c53216b2,12.41989211107776,0.040467447124742,4.342494186934639,12.50521393238756,0.14103230788234,1,32.42367795477408,0.1933046827101799,0.12776484850929865,458.90187915857126,58.63152907132733,472.0776037903881,100.0
SAFE_002,T_ba786ab4d5,34.680142073268655,0.125561421663836,3.275067621795392,3.806417428527522,0.0,0,35.26751880495098,0.1328859722603419,0.09448263944522349,0.7295949444704269,0.0689340560794572,0.1987709736996474,0.0993854868498237
SAFE_002,T_8389ae3610,21.133448622133415,0.0804380736112219,0.0,9.82620037418156,0.0536016786616289,0,57.929677453209656,0.0,0.15390537500629892,59.26339539348446,9.120955092180793,43.158858051346456,21.579429025673228
SAFE_002,T_1be0ad9215,33.49317030205753,0.0,4.951898096107017,10.21013967620395,0.0923291992921702,0,51.51010951972968,0.3068471555989038,0.2089675058855663,458.90187915857126,95.89558113396618,286.31383732603894,85.78922966575487
SAFE_003,T_b18a752f7e,28.124864545206336,0.0635171619640863,0.2733094705212366,7.114827918557882,0.042373873377382,1,52.998593975282354,0.094146391802159,0.15390537500629892,23.04022847198265,3.5460150032112954,12.608114067577567,6.304057033788784
SAFE_003,T_a9e4a84f85,42.62730100335093,0.0128205885593717,0.3554999654193593,9.213837150987162,0.092219259524266,0,55.63168472349592,0.2856793982566527,0.3120234394107396,458.90187915857126,143.188142687109,335.9071283350851,91.98839104188563
SAFE_003,T_1b95df9e41,5.966106884116121,0.1663826550173042,1.5896766222679115,0.0,0.130212718075857,0,45.863043554744266,0.3309550684860527,0.20633724545015542,458.90187915857126,94.68854967747968,1587.1078329081563,100.0
SAFE_003,T_44c4c510c0,30.815303780855736,0.0,0.4117274199491523,10.63781963610196,0.0762093921406385,0,33.69787292886107,0.0,0.1295570156634888,449.75928239267495,58.26947039374726,189.09263659424852,72.27315914856213
SAFE_003,T_421a42f768,27.30582879252812,0.0729692885858305,3.40390725244254,8.829448592352092,0.0880066542687927,0,49.24051764481173,0.1295326737130117,0.2089675058855663,458.90187915857126,95.89558113396618,351.19088258623646,93.89886032327956
SAFE_003,T_b4dafa2854,10.552915078878586,0.0910264237708709,1.212517655550856,11.127003534392676,0.036708060404231,1,51.63615233619258,0.0006939628945844,0.15390537500629892,14.731387864865262,2.267239773705329,21.48448799936955,10.742243999684774
SAFE_003,T_378adb2b93,28.962930979107902,0.0,0.6434711196896465,12.496603398366442,0.0357557966808712,0,53.713739973686344,0.3327686132267692,0.15390537500629892,21.082691766614197,3.2447395824829686,11.203077426188415,5.601538713094207
SAFE_003,T_1d16081249,24.629749678883563,0.0450957764564936,4.707171779138795,8.552759950604655,0.0081300888086268,1,33.15570789947987,0.1111866146266347,0.09448263944522349,2.4711173146084793,0.23347768626300186,0.9479498951756504,0.4739749475878252
SAFE_003,T_a5499e07c1,43.92445487352727,0.1360384915582992,0.0,10.356964809559514,0.0,1,43.95130679449819,0.0169094174152469,0.23797578406723788,0.2481210330287561,0.05904679737859126,0.13442807098825954,0.06721403549412977
SAFE_003,T_155aff7b00,49.809924832922505,0.0233049880813222,0.0,4.074300339874667,0.0713945220347458,0,47.62929601825985,0.2361921853928844,0.3120234394107396,440.0672940310992,137.31131065576082,275.67058395760347,84.45882299470043
SAFE_003,T_46296baa42,59.26518840189449,0.0,4.1344448331439665,6.011070967416472,0.1057296222288688,1,43.95089975837324,0.2348775894046295,0.3120234394107396,458.90187915857126,143.188142687109,241.60581708794803,80.2007271359935
SAFE_003,T_1bc1eb15b5,17.499467910758913,0.0534690567566389,2.3203811866341506,14.457440944798314,0.0077169483616326,0,44.79309721636915,0.2313908211457553,0.15390537500629892,1.6398777404167648,0.2523859986033243,1.442249558046013,0.7211247790230065
SAFE_003,T_32ababc868,35.21562678676435,0.0,0.0,5.247948290364002,0.0353404206675619,0,53.84794695925839,0.1037908883658372,0.1561998695900674,10.850745775827807,1.6948850751392783,4.812877775545639,2.4064388877728193
SAFE_003,T_a3729733f6,68.96510589893748,0.0357818080979952,2.370651298830764,11.71502670185236,0.0330370758057992,0,35.86449419086077,0.2006339062362268,0.1751478467356812,17.440527344651642,3.054670810350503,4.429299093409448,2.214649546704724
SAFE_003,T_7761a3fa3e,17.226942162213483,0.1216607253303086,2.1830403563464165,11.48466257197878,0.0471608402803654,0,38.764140826196645,0.2430301358957553,0.11490301117884963,71.11868127445666,8.171750629503938,47.435874298273916,23.717937149136958
SAFE_003,T_730d2326b5,44.03320688197723,0.0806242955275032,3.3311704726268583,14.51172202667546,0.0683265703618615,0,48.63172463446957,0.1691326944453587,0.3120234394107396,458.90187915857126,143.188142687109,325.18218141798764,90.64777267724845
SAFE_003,T_acebed36c5,5.0,0.0332196315940676,0.0,0.0,0.1181931114906954,1,39.24415813372168,0.0497496543959103,0.16083493010376088,458.90187915857126,73.80745165895333,1476.1490331790665,100.0
SAFE_003,T_df26d4b3e4,28.708490222684272,0.1710207506123701,2.8697685429272948,4.642566283703063,0.0732540104750153,0,42.62141309841892,0.2099477473015738,0.20616897124749142,458.90187915857126,94.61132832966327,329.558704048133,91.19483800601662
SAFE_003,T_30acceb6ea,50.036765044803495,0.0672322613118026,3.3366520362159937,3.869766306615443,0.0948907704205274,0,37.2388038427887,0.111230434428544,0.23247924579498835,458.90187915857126,106.68516276068753,213.21354940744155,76.65169367593019
SAFE_003,T_20f7c5cbb8,15.883168561125624,0.1201910696033278,1.1149285762156322,16.730273457624268,0.0565742908402726,0,57.51774417335923,0.1638229522555828,0.16275993841140773,152.81822367694076,24.872684673799608,156.5977504934123,64.14943762335307
SAFE_004,T_d33396d40c,5.0,0.0726166975321569,0.0,11.824825415906728,0.0230614341191128,0,25.845917560796227,0.1213434224895831,0.09448263944522349,2.1022965401206255,0.1986305260071579,3.972610520143158,1.986305260071579
SAFE_004,T_c469c937fa,39.93998955578226,0.0623832950554471,1.6415467491004905,6.479734586311911,0.0420407564309969,1,36.931711664455136,0.2706849640899051,0.1470025109076679,36.7938933493948,5.408794708429978,13.542303762688206,6.771151881344103
SAFE_004,T_c49edcfec7,11.33292318598387,0.0778266721375631,2.592836001617319,20.210439816386405,0.0456452914473745,0,38.971779357140974,0.0967737329422163,0.11490301117884963,56.80328016275275,6.526867935536107,57.592095423432234,28.796047711716117
SAFE_004,T_7423cec043,41.09119008451421,0.0243114480114904,0.222405373538163,7.575917710087572,0.0667147564248857,0,38.8757177805623,0.2900184564019963,0.24661553712548365,288.61883036369807,71.17788787467225,173.21933905607818,68.30483476401955
SAFE_004,T_5c792ee96,32.847650892561646,0.0173541927667644,3.096855841659599,9.127841524916628,0.0,1,47.09628649659505,0.1100305213512246,0.15390537500629892,0.8222677984729101,0.12655143387957704,0.385267836331744,0.192633918165872
SAFE_004,T_e49831da96,13.918004678597113,0.1168093050006085,4.495899970118863,6.484895994182212,0.0681727168919536,0,35.74921871787734,0.170622107984787,0.12776484850929865,458.90187915857126,58.63152907132733,421.26389827623757,100.0
SAFE_004,T_1a9121f40f,57.31948276219663,0.1498648265373997,0.0,2.9752195754888437,0.0617724184154965,0,35.22100549968077,0.2249036122306942,0.1951720469581637,136.02177722272927,26.5476486914474,46.31522723536528,23.15761361768264
SAFE_004,T_ae9e809b0f,5.0,0.028804312379008,0.0,0.3135847589250078,0.028819669676958,0,51.50081030202916,0.2241659719820838,0.15390537500629892,6.180426714562595,0.9512008912037041,19.024017824074082,9.512008912037041
SAFE_004,T_5fd3d76692,5.0,0.0211230556322174,4.548894433882478,4.234474781378482,0.0181692358448882,0,51.103411858695495,0.2448099363936203,0.15390537500629892,9.781614970480502,1.5054431201990293,30.108862403980584,15.054431201990292
SAFE_004,T_b56a7b779,33.62466782515127,0.0,2.470552223176527,0.0,0.0723161073771531,0,34.738922797915826,0.2713820136482399,0.1295570156634888,458.90187915857126,59.453957946151455,176.8164915570701,69.20412288926752
SAFE_004,T_369b626369,23.82542516675686,0.1225589424510532,1.118695156860515,8.192646043825608,0.06344567238393,0,48.76909034719944,0.1466547652835275,0.2089675058855663,248.8412909048038,51.99974392172151,218.25316256801037,77.28164532100129
SAFE_004,T_9c5f3e2e97,25.706655752389963,0.0,0.0,17.665621970071367,0.1774663976303501,0,29.50529567503852,0.1689516023804056,0.1295570156634888,458.90187915857126,59.453957946151455,231.2784615736101,78.90980769670126
SAFE_004,T_ce6af2d53b,24.94012256897241,0.0,3.1591222849529546,11.147044251716515,0.0,0,61.42147985556713,0.217196033243706,0.15390537500629892,1.2545955161187436,0.19308899338947638,0.7742102824694823,0.38710514123474116
SAFE_004,T_1fdb2f054d,13.443889533269893,0.080762838348428,0.0,8.986344217863813,0.0304768025268594,0,43.60661812956034,0.366788761111952,0.15170282557018153,8.797997083352358,1.3346810169027687,9.92778922795969,4.963894613979845
SAFE_004,T_2f06e387f8,16.46365357811231,0.0659700131895614,0.2619055042704352,9.064376687821644,0.11062594184158,0,31.464298806641892,0.1982437173522554,0.12776484850929865,458.90187915857126,58.63152907132733,356.12708195752685,94.51588524469085
SAFE_004,T_423ff53167,34.0855463291136,0.0459206115157439,0.0,0.0,0.0741033417762762,0,25.0,0.2784844036608135,0.1295570156634888,423.63714690702056,54.885164477468564,161.0218124348775,65.25545310871937
SAFE_004,T_45b4a27e7a,42.25163800801187,0.0,3.6716157926286743,10.096103735362576,0.1691301141342036,0,48.10162513009612,0.1833072069891435,0.3120234394107396,458.90187915857126,143.188142687109,338.8937078840761,92.36171348550951
SAFE_004,T_6ee325cfaa,23.628394083103633,0.1125862504282597,0.9573541627254304,5.387555162336226,0.0260448414544009,0,56.98699552237386,0.1541159506850699,0.15390537500629892,6.5731435464696215,1.0116421224896408,4.281467961519455,2.1407339807597277
SAFE_004,T_7761366a2c,16.272658262311108,0.0377119249993549,3.90410730627978,0.0,0.0086647476541552,1,26.43715190091084,0.1036361555631196,0.09448263944522349,1.6971722681469898,0.16035331548776421,0.9854156149715037,0.4927078074857518
SAFE_004,T_78293ae5a9,38.37823438911335,0.1056482945830131,1.5098786976185954,1.8151176783730771,0.0471522729393235,1,37.19232947108076,0.1089425116078551,0.1470025109076679,43.440102320894525,6.385804115257507,16.63912948811671,8.319564744058354
SAFE_005,T_5bc3ba191a,6.547830781969673,0.0823742345354737,1.9727064164094064,12.209981888537405,0.0,1,43.31447988509475,0.0784109075895869,0.15170282557018153,0.49419181406921503,0.0749702945679537,1.1449638370984545,0.5724819185492273
SAFE_005,T_646d180472,51.917683000804935,0.032452380889101,0.0,7.422926378460007,0.1064009428674651,0,33.02689048077339,0.1077113558104732,0.23247924579498835,458.90187915857126,106.68516276068753,205.489067682457,75.68613346030713
SAFE_005,T_4d0162ec66,34.172155896819405,0.0883658620230613,0.0,1.2827847483768426,0.0723906858361355,1,49.389910550913015,0.1812329009071548,0.21187732667449136,440.7576639578033,93.38655555067317,273.28259836062955,84.1603247950787
SAFE_005,T_227ed0ebd,5.0,0.0888883694542462,3.614016563888941,0.0,0.0,0,54.50180074609549,0.0979376980486662,0.15390537500629892,0.9562279911558277,0.14716862757035754,2.9433725514071507,1.4716862757035754
SAFE_005,T_11a9bea0f,14.77398141406776,0.0965419113175264,5.595189044868629,11.097785432608706,0.0314141651707152,0,45.09161033336524,0.1700735296114743,0.15390537500629892,43.45988674180629,6.688710166728975,45.27357913392254,22.63678956696127
SAFE_005,T_8c7ee676bd,39.53056714291916,0.1392584201036065,4.272097367110857,2.4748976131452345,0.0927509662148639,0,48.54036499363242,0.3249665267043777,0.30749366727975397,458.90187915857126,141.10942174403957,356.9628061086787,94.62035076358484
SAFE_005,T_49f48f24bb,55.93493011328555,0.0818453141686105,2.681582816004212,0.0,0.0541810538705278,1,34.761272338879834,0.3681816619300824,0.1751478467356812,190.3680535239277,33.342554661978845,59.60954021833914,29.80477010916957
SAFE_005,T_49d7cd56b9,10.460218247483033,0.0627606708427937,4.7012502419053135,8.072319083610953,0.0601398638448889,0,48.17593043599072,0.2060385928424417,0.17228351980215414,458.90187915857126,79.06123098526146,755.8277381476759,100.0
SAFE_005,T_eedf31fd,13.763592039175697,0.0460135218071595,5.5951223332892805,13.365279971080458,0.0505722719545733,0,45.35369902483358,0.1797086015204452,0.15390537500629892,300.1993774366261,46.20229776104141,335.68488247497106,91.96061030937139
SAFE_005,T_3f9b39bacc,45.88835608344481,0.0126950871673743,0.0,11.067330887285207,0.0695632329966617,0,44.01852290003898,0.2995701385899924,0.3120234394107396,400.28855731643324,124.89941241063649,272.18105652666117,84.02263206583265
SAFE_005,T_cb77d040ef,28.01657015203242,0.0519456603450729,0.3099093440616978,1.4978070358516369,0.0672302452375178,0,55.298648892840525,0.3099979650342084,0.2089675058855663,396.50141474624746,82.85591171962183,295.7389547328697,86.9673693416087
SAFE_005,T_e4f839b918,34.67179251455159,0.0340446701494551,2.434462389621049,6.787500527663576,0.0211052945961172,0,40.96833806871511,0.1371933916274626,0.11797632296545504,5.066949867173268,0.597780113979403,1.7241107846631163,0.8620553923315581
SAFE_005,T_5bf8442768,5.0,0.0622052194489176,2.5464080457042453,1.1634259934505522,0.0259379438067293,1,35.7033638981257,0.0,0.09448263944522349,5.69171596542061,0.5377683473854576,10.755366947709152,5.377683473854576
SAFE_005,T_cc82ad73b2,24.302902323151574,0.0515458639016349,1.764778289149758,15.285138973571009,0.0,0,57.49150561442859,0.0872219235108286,0.15390537500629892,0.6155824247235051,0.09474144392435782,0.38983592438712417,0.19491796219356208
SAFE_005,T_c98824cbb9,56.305365400516216,0.0052826976961235,1.34747598995392,16.56491170210703,0.141869333774376,1,60.24048171251576,0.2035576476984625,0.3120234394107396,458.90187915857126,143.188142687109,254.30639099590363,81.78829887448795
SAFE_005,T_cea75c0468,22.653747256481864,0.0565528913023072,2.730948945285669,27.073122076205212,0.0925642787422394,0,52.75198296220687,0.1638167462915658,0.20633724545015542,458.90187915857126,94.68854967747968,417.9818402908449,100.0
SAFE_005,T_2dcebf6f8e,15.269708702545492,0.0515542793885576,2.557151829023612,8.083911331191755,0.0668291563302717,0,29.50426453835668,0.2666572668609533,0.12776484850929865,458.90187915857126,58.63152907132733,383.9728066426921,97.99660083033652
SAFE_005,T_17085c2810,29.30119094490991,0.0470794378070658,2.1679620066289087,3.838963012566316,0.0915515928833987,1,41.74445000981953,0.1415125865066999,0.18762604072170264,458.90187915857126,86.10194266627195,293.8513414971935,86.73141768714919
SAFE_005,T_a8487103d,28.4486982963805,0.0,3.448565354912456,8.378014210008198,0.0,1,44.90144565656551,0.1779032682213646,0.15390537500629892,0.9923055148219423,0.15272115237948955,0.5368300186828587,0.26841500934142937
SAFE_005,T_cc20091fd0,23.529908426407346,0.061277991975509,3.895299219696599,1.3333705944946508,0.0,1,47.31133333734965,0.3244947378646445,0.15390537500629892,1.4514565168557607,0.22338695953202228,0.949374538497216,0.474687269248608
AVG_001,T_16945525c1,19.85974041477947,0.0,7.00177966322393,23.845422250095705,0.0873289098196218,1,51.88253669177553,0.6598679221086815,0.20635762078873843,458.90187915857126,94.69789995864392,476.8335234038127,100.0
AVG_001,T_ab2920de3f,60.904472557861176,0.2718313307780692,2.7861475804432843,42.79383410640004,0.1282042546981013,0,70.88276107149262,0.3255585109410564,0.3120234394107396,458.90187915857126,143.188142687109,235.1028367433537,79.38785459291921
AVG_001,T_d0a509d477,44.811077175696006,0.0084475332544657,12.419517485968951,13.475095993624638,0.0598595321749199,0,60.55582088650125,0.3255664599491483,0.2663816337778684,458.90187915857126,122.24303231399415,272.7964602026898,84.09955752533622
AVG_001,T_c6377fd63a,21.42826171204894,0.4154452634844936,15.176480442754333,62.26857424171398,0.0,1,46.329947436765735,0.4738451722254784,0.15390537500629892,91.89582160221781,14.143260885201277,66.00283809884885,33.00141904942443
AVG_001,T_788707f587,47.479613033207656,0.4823262320306074,10.98168122147773,43.275846343804275,0.1014184536060611,1,55.06016680436071,0.5396648131946319,0.3120234394107396,458.90187915857126,143.188142687109,301.5781585813726,87.69726982267157
AVG_001,T_ddef7a09a9,43.29590939351929,0.246443012286375,15.537281316213612,11.98270981628866,0.1129698606067503,1,63.65968638417153,0.49232194655901,0.3120234394107396,458.90187915857126,143.188142687109,330.7197947632023,91.3399743454003
AVG_001,T_8d97535e0a,5.0,0.3800459387388982,13.736154941742669,27.886033688579307,0.1468673005546419,0,58.828857363850496,0.1,0.20633724545015542,458.90187915857126,94.68854967747968,1893.7709935495939,100.0
AVG_001,T_23982fc24e,36.120542653219005,0.2716294005900193,5.025427319160418,20.757959162421223,0.2296432790891305,0,77.42920312402985,0.4496160293647308,0.30749366727975397,458.90187915857126,141.10942174403957,390.66251882974996,98.83281485371874
AVG_001,T_31597ab388,43.86536635781151,0.2196540674290129,5.985936115855193,32.8054509661142,0.1171511411047927,0,52.44167928659176,0.3015615812005127,0.3120234394107396,458.90187915857126,143.188142687109,326.4264146778525,90.80330183473157
AVG_001,T_1e0aca6cde,23.81494691692904,0.1575806376278645,11.362908416264542,39.462440368123325,0.1693451359751824,1,44.58412367378728,0.670935843080506,0.20898807256347818,458.90187915857126,95.90501922110799,402.7093554129788,100.0
AVG_001,T_8ba0a0f32b,8.935963528638764,0.2665719064074657,14.780218836196122,5.0,0.1383585372370885,0,58.74386451706263,0.5763962967522791,0.20635762078873843,458.90187915857126,94.69789995864392,1059.739105415412,100.0
AVG_001,T_cfcc6965d7,35.290802445395144,0.154607036079433,9.10325904765213,52.41111218839453,0.2383419608539383,0,68.14807871505906,0.4280531636739633,0.21187732667449136,458.90187915857126,97.23090336201857,275.513438699679,84.43917983745987
AVG_001,T_a79661df6d,30.044899367999335,0.2181766923949193,12.784585127469269,51.47506263752364,0.1152573883179254,1,50.85526934164142,0.5767820755467485,0.20898807256347818,458.90187915857126,95.90501922110799,319.2056596576786,89.90070745720982
AVG_001,T_155b284553,5.173569852222243,0.3005118863303285,9.750951222614342,50.12496327259612,0.1503074082766715,1,69.42304791186244,0.3498510512486167,0.20633724545015542,458.90187915857126,94.68854967747968,1830.236227250462,100.0
AVG_001,T_396f4bd78a,36.14742685993039,0.0468432258982517,12.3130399119452,29.522989889075255,0.0930534425887525,1,58.398753611927035,0.5132095741288573,0.30749366727975397,458.90187915857126,141.10942174403957,390.37196835844514,98.79649604480565
AVG_001,T_7e366da646,33.04162572378551,0.0,9.813370486413232,5.0,0.1228847941438236,0,65.4553227478968,0.6875268785442242,0.20898807256347818,458.90187915857126,95.90501922110799,290.2551467135267,86.28189333919084
AVG_001,T_9f96ad0239,15.678122743037678,0.2727741668818607,8.83249417605412,34.97214697113302,0.1988909053568614,0,63.05678639242501,0.5854802737384605,0.20635762078873843,458.90187915857126,94.69789995864392,604.0130027729069,100.0
AVG_001,T_7ec99d3379,36.56268372929805,0.3047849518057258,12.611555324235944,19.753530839446956,0.0512635185139543,0,60.4259446329196,0.2588749665197204,0.23415511900757593,458.90187915857126,107.45422412717548,293.89041822734504,86.73630227841812
AVG_001,T_ad74f48b93,31.775218700823068,0.1693897123341726,12.657886527444052,83.90260290117834,0.0098147475583706,1,56.4984241398728,0.5322343836031926,0.16821032745282213,160.85479150223364,27.05743715094615,85.15263861974705,42.576319309873526
AVG_001,T_886e050190,36.8253558052128,0.1769472343456973,20.72430108874475,25.87057711550555,0.2105787657743398,1,54.39748153598713,0.2356074895419561,0.30749366727975397,458.90187915857126,141.10942174403957,383.18549450122316,97.8981868126529
AVG_002,T_c362a902fa,49.78519796612094,0.1883965730268719,10.818685807776545,12.707660738641463,0.1016565877158153,0,45.87122013281173,0.4953572092218271,0.3120234394107396,458.90187915857126,143.188142687109,287.61187770017347,85.95148471252168
AVG_002,T_90471f5391,23.875002557599963,0.1120122372393649,20.61180093987264,39.87504960803296,0.1079001882602899,0,55.61916483679959,0.4720791451224437,0.2089675058855663,458.90187915857126,95.89558113396618,401.6568413034176,100.0
AVG_002,T_1a0a783f4c,20.15917595038549,0.0,15.919469299687362,29.46599819828573,0.0723128880275066,0,62.94932252915628,0.4860727886052796,0.20633724545015542,458.90187915857126,94.68854967747968,469.7044656513801,100.0
AVG_002,T_e8b23018e8,38.97520570612324,0.1899382355673084,21.475113017889793,44.89113310645707,0.1978930809075272,1,66.30099316404514,0.5728198354225248,0.30749366727975397,458.90187915857126,141.10942174403957,362.0492033012424,95.2561504126553
AVG_002,T_9c86152677,25.924884244690617,0.0353993488179434,16.204338941157516,7.88372057746892,0.0564320435899956,0,63.402201626941974,0.7474796579371725,0.16858982210566292,458.90187915857126,77.36618617129795,298.4244228096889,87.3030528512111
AVG_002,T_726139bff7,36.754759170657195,0.1639344204394485,12.612187783443446,36.57977432680019,0.2106944383005361,1,58.52034471802924,0.2522745701130788,0.30749366727975397,458.90187915857126,141.10942174403957,383.9214973191632,97.9901871648954
AVG_002,T_1eeb6865,5.0,0.0875279992573224,10.585023826950884,31.316485069695567,0.0983875896530323,0,54.0155399769212,0.4012207779645325,0.20633724545015542,458.90187915857126,94.68854967747968,1893.7709935495939,100.0
AVG_002,T_bfa60ccb9e,28.668053284312485,0.1605389863315471,7.884883942940143,62.634151867555936,0.1068049779683025,0,55.61704634050368,0.4574455672843153,0.2089675058855663,458.90187915857126,95.89558113396618,334.5032890197725,91.81291112747157
AVG_002,T_aeaf56736c,24.23631130679145,0.4578192504574789,0.0,5.0,0.0765463335155108,0,61.90104424764012,0.544617439605495,0.20898807256347818,458.90187915857126,95.90501922110799,395.7079854566552,99.4634981820819
AVG_002,T_28d3776e5d,30.020097701317304,0.3545293104729096,13.104346987629391,54.253151449736826,0.1418116210745703,0,61.97816839000005,0.4721226245157355,0.2089675058855663,458.90187915857126,95.89558113396618,319.43793817086146,89.92974227135768
AVG_002,T_e326082b84,17.087374822146447,0.0,3.4938949790425817,11.2585914725126,0.0909391481944955,1,39.926743522269525,0.2529683935378347,0.16083493010376088,458.90187915857126,73.80745165895333,431.9414329420201,100.0
AVG_002,T_c0e93ec126,28.727242025069852,0.4702612921620719,9.529503493892104,27.728334193864026,0.0280636802249364,0,53.83119813591476,0.2504296033511948,0.15390537500629892,155.31264212710008,23.903450429790436,83.20830245009331,41.60415122504666
AVG_002,T_c075e247f1,39.492868719109595,0.0857038312534613,12.891762571816985,42.32419195567875,0.1533977566993611,1,63.546857301355615,0.2899576606796299,0.30749366727975397,458.90187915857126,141.10942174403957,357.3035495285768,94.6629436910721
AVG_002,T_3fa0393e,26.15018825400371,0.0,10.102813772512873,42.30727484127535,0.1690372304379679,0,70.31778890601053,0.6515021541973118,0.20898807256347818,458.90187915857126,95.90501922110799,366.746955278322,95.84336940979026
AVG_002,T_dd9aee357,22.707088039514296,0.490069022778228,23.762907604698164,10.440002383550052,0.0458773511074279,1,44.41718949162363,0.1854917733416642,0.15390537500629892,458.90187915857126,70.62746580299518,311.03708974083804,88.87963621760476
AVG_002,T_2902a92725,43.301385816071075,0.1846404940083355,8.096618277566447,21.51575076550982,0.0630130348469833,1,77.81632877276061,0.509502214237111,0.3120234394107396,458.90187915857126,143.188142687109,330.67796789534964,91.3347459869187
AVG_002,T_2fd2373a48,49.874335190724466,0.1721064984220927,7.71867611177787,5.0,0.0097592578521706,1,35.0,0.2109282051403794,0.1751478467356812,9.228009918019739,1.6162660667966673,3.2406769145210728,1.6203384572605364
AVG_002,T_af9e15f139,38.39310555924249,0.3935845643481761,14.465895461405252,50.65117651430319,0.0479282403756339,0,62.28714234074346,0.3346705415532614,0.23415511900757593,458.90187915857126,107.45422412717548,279.8789588963263,84.9848698620408
AVG_002,T_bbb4b9e2c4,38.55805554207728,0.1175671068304875,5.26338940637403,11.317433362034556,0.1269204433537169,0,47.074741695420855,0.4553170682652197,0.30749366727975397,458.90187915857126,141.10942174403957,365.9661250035054,95.74576562543817
AVG_002,T_2cfc1d098d,23.817759323145488,0.4327820180183733,19.66188499318826,14.974171344869118,0.2546868967630418,0,65.44872812454427,0.4635973252102178,0.2089675058855663,458.90187915857126,95.89558113396618,402.62217714483876,100.0
AVG_003,T_d92dff7548,20.572729047948155,0.1742653234675477,2.6437005881663462,54.34598471685545,0.2413434125711398,0,58.01970742519271,0.3049216955984049,0.20633724545015542,458.90187915857126,94.68854967747968,460.26246423987953,100.0
AVG_003,T_507f297002,29.25661743672626,0.1942192607234881,22.43788825158607,25.35535042594158,0.1999469065979591,0,62.95778009744233,0.3605684685340106,0.2089675058855663,458.90187915857126,95.89558113396618,327.7739859755183,90.9717482469398
AVG_003,T_3bef9186e9,35.59578477651267,0.0745914327731319,15.972489207490517,48.004980111567285,0.1674843755924453,1,69.49344801236303,0.3750110620301729,0.21187732667449136,458.90187915857126,97.23090336201857,273.1528577680773,84.14410722100966
AVG_003,T_86cdbfec0e,5.0,0.2035032974171833,8.40150330528681,67.40140618272102,0.149095852027437,1,66.93618571856376,0.1,0.20633724545015542,458.90187915857126,94.68854967747968,1893.7709935495939,100.0
AVG_003,T_6c714e8965,23.414191348425938,0.2090702672176052,13.502677801564564,8.472077933629025,0.1181413031319707,0,63.24199619795863,0.4839413090285624,0.2089675058855663,458.90187915857126,95.89558113396618,409.56178971524866,100.0
AVG_003,T_b46c1c3d95,30.802224402328505,0.0,13.545842525526965,51.90966216963708,0.0,0,43.42535367766578,0.2569297610382473,0.15170282557018153,35.90376393429207,5.446702437436885,17.68282175434427,8.841410877172136
AVG_003,T_572fca37c0,5.0,0.0,15.685622630142383,50.07710139867365,0.099911792957047,0,45.035813739976106,0.6965803868205394,0.20635762078873843,458.90187915857126,94.69789995864392,1893.9579991728785,100.0
AVG_003,T_613c0cb1ee,35.64066554433917,0.0229998832299111,16.82742180950902,21.497720957130777,0.1523163216588489,1,73.3622583973002,0.409411611264926,0.30749366727975397,458.90187915857126,141.10942174403957,395.9225216164687,99.49031520205858
AVG_003,T_6bf539ec79,34.394007352459376,0.3785620344940616,7.4369469115718125,23.78491671824509,0.1182201764120631,0,57.28770028928938,0.6434932545850022,0.21189810302258014,458.90187915857126,97.24043766719855,282.72494295505606,85.34061786938202
AVG_003,T_31e6d95f26,57.89242211434967,0.181428605850551,16.452173417876942,5.0,0.0340187188945828,0,57.70095434197287,0.5323943164253507,0.23797578406723788,458.90187915857126,109.20753450268984,188.63873804931163,72.15968451232791
AVG_003,T_12cc329b82,14.514044706677288,0.2986832015649769,28.26447316330996,30.723908838190187,0.0561693789105203,0,59.389910293888946,0.3446569216107583,0.16260052421807558,458.90187915857126,74.61768611584365,514.106767781384,100.0
AVG_003,T_df376be953,35.28940805875759,0.2490265205582034,7.606287711587546,53.31860604559197,0.1112683878750932,1,60.62272871914493,0.191623546353662,0.21187732667449136,458.90187915857126,97.23090336201857,275.5243250329592,84.44054062911991
AVG_003,T_c258742dc6,5.0,0.2699266493295966,9.742727377299213,24.85789439143516,0.0871728021323912,0,51.22193467241728,0.6332622882149134,0.20635762078873843,458.90187915857126,94.69789995864392,1893.9579991728785,100.0
AVG_003,T_48546eae79,42.43681606599079,0.1430470212286158,14.261686714172232,12.460241795982723,0.2262904853479548,0,64.59590525750073,0.1470490448412921,0.3120234394107396,458.90187915857126,143.188142687109,337.414905172071,92.17686314650888
AVG_003,T_c414543f1c,48.390508648660195,0.0,11.854215697375109,42.290689780665254,0.164486021905852,0,57.9123141684738,0.7447222784506191,0.3120234394107396,458.90187915857126,143.188142687109,295.901296939712,86.987662117464
AVG_003,T_70715f03df,16.262647840553434,0.1523842167743477,11.012093834736293,5.0,0.1275346446585849,1,44.134321404094095,0.5172801877379745,0.20633724545015542,458.90187915857126,94.68854967747968,582.2455888232364,100.0
AVG_003,T_d8b11e4b60,38.63319764999842,0.4216090451255053,8.74465307932905,44.24424978021249,0.0,0,61.02652446306499,0.4135000314699477,0.23415511900757593,12.118552116301554,2.8376210129921016,7.345032732469707,3.6725163662348534
AVG_003,T_e38539bd3a,39.7762221210456,0.3773796112628986,10.056091347021418,30.918609699031308,0.0806675508027612,1,61.94670611628408,0.5011813700208446,0.30749366727975397,458.90187915857126,141.10942174403957,354.75823046899814,94.34477880862477
AVG_003,T_91bfe299db,63.4391041583396,0.2769799716615772,9.48690753644977,79.59463682819097,0.0,0,68.6790745072097,0.2795682388068812,0.2577146750334677,17.0103837135667,4.3838255109364335,6.9102891175681,3.45514455878405
AVG_003,T_65f16417eb,16.328345652940644,0.3456708510234367,12.16813312215526,30.65547683562647,0.1032472938368313,1,69.01186275033896,0.4862628435722839,0.20633724545015542,458.90187915857126,94.68854967747968,579.902898248769,100.0
AVG_004,T_6539b344f9,33.55422917318925,0.3381726119592188,15.927957170686716,49.90997813049965,0.0983257495873753,1,46.3180656935922,0.1229073503084284,0.2089675058855663,458.90187915857126,95.89558113396618,285.79282998576343,85.72410374822043
AVG_004,T_7652a87d5a,51.58058223538847,0.1340018443205437,0.0,10.053650606116625,0.2096672521122533,0,58.605916776568414,0.1718629140049487,0.3120234394107396,458.90187915857126,143.188142687109,277.6008654451952,84.70010818064941
AVG_004,T_947474ef05,28.421637986236934,0.2435060594725303,25.95467875129011,65.32880201178807,0.0954747502970353,0,51.74454988480469,0.5519796496953071,0.20898807256347818,458.90187915857126,95.90501922110799,337.4366363668048,92.1795795458506
AVG_004,T_b60459e315,19.130834227234132,0.4200771876063563,11.31474064933298,80.99178186074639,0.1272594051001738,1,58.57319422710627,0.6425921146498896,0.23344898640746134,458.90187915857126,107.13017855004777,559.9869680410496,100.0
AVG_004,T_565c18e005,31.64228039170631,0.2689558932522481,17.93131945479189,35.80513004000926,0.0170885331933042,0,40.72863597813759,0.1,0.11616601280894613,458.90187915857126,53.30880157238404,168.4733240223631,67.11833100559078
AVG_004,T_2e3c823bab,55.587790208168464,0.1979876319612787,0.0,31.184790793309027,0.1069760802693914,1,40.42862087080444,0.3718644794801609,0.28740684678707634,458.90187915857126,131.89154207362893,237.26710772224195,79.65838846528024
AVG_004,T_43d496adf6,34.92551959247307,0.2844969610274637,12.68750662214327,41.59887077314529,0.1822087624222828,1,63.780585789082,0.1753993966228921,0.21187732667449136,458.90187915857126,97.23090336201857,278.3950088547091,84.79937610683864
AVG_004,T_3fa9ae25ee,12.748717587714548,0.1075560367711838,11.86388834804612,22.549196946688937,0.0342638938510604,1,43.96011364628338,0.5145594928186497,0.15390537500629892,458.90187915857126,70.62746580299518,553.9966299908954,100.0
AVG_004,T_bdc624721a,5.0,0.022778139810677,8.602230506513962,22.507931835696414,0.2260117383099871,1,52.88266197455606,0.5497438882139447,0.20635762078873843,458.90187915857126,94.69789995864392,1893.9579991728785,100.0
AVG_004,T_af099f436e,33.1543693662922,0.4996271266707144,12.794079038416037,36.35826338338671,0.1638502703713756,1,35.0253330711014,0.1135347036417946,0.1295570156634888,458.90187915857126,59.453957946151455,179.3246533791647,69.83116334479118
AVG_004,T_d88884e79a,23.633059353271538,0.3968037893329871,10.108953660688655,5.0,0.0185588866524802,0,52.65874462717088,0.4123231745471233,0.15390537500629892,83.89201855644488,12.911432575965037,54.63292916487218,27.31646458243609
AVG_004,T_6b51a6de61,12.5275785530844,0.379777975477504,10.977669459863332,5.0,0.1693825264393806,0,58.09391570156945,0.6462959498616232,0.20635762078873843,458.90187915857126,94.69789995864392,755.915435352257,100.0
AVG_004,T_194c77d19e,33.55433083078869,0.0560858370287198,16.495337563205126,5.0,0.0455788250183959,0,52.391001769991504,0.6179845210265597,0.15963544791845977,458.90187915857126,73.25700703010142,218.32355232929413,77.29044404116176
AVG_004,T_3e6b1e10b4,19.134862208876985,0.4045775487399034,10.5800470520886,5.0,0.0557407926438635,1,58.95509106362508,0.1365883499529123,0.16260052421807558,458.90187915857126,74.61768611584365,389.95674649398444,98.74459331174805
AVG_004,T_dd064da041,24.11940306193903,0.1451795608828662,3.7445184683906914,22.432577837610427,0.0617111611792378,1,63.09121310990244,0.4208379083822368,0.17457516862172912,458.90187915857126,80.11287293493594,332.1511429167826,91.51889286459783
AVG_004,T_209bf3e091,6.193525488026373,0.0775137338816637,5.119007506995354,16.19557582148566,0.0692149468822834,0,56.620595590628746,0.5959431347567417,0.20635762078873843,458.90187915857126,94.69789995864392,1528.9821627717288,100.0
AVG_004,T_3aea0bdfe9,5.0,0.1670096307100496,14.049052113220815,34.74122463792824,0.0037120576054695,1,55.294235755849726,0.6557561839491018,0.15963544791845977,122.42922079618896,19.544043500107634,390.8808700021527,98.86010875026909
AVG_004,T_8ff615f42,44.14148701837913,0.3784433007931465,11.08184474276272,46.004049920528814,0.0637544735281758,0,38.790864816918486,0.1,0.28740684678707634,458.90187915857126,131.89154207362893,298.79270269874104,87.34908783734264
AVG_004,T_2d847597c4,34.81274469486911,0.1316708232494854,3.6813464803788407,6.800605938322484,0.1060929839924306,0,58.779709979946986,0.5405076837959184,0.21188479139124505,458.90187915857126,97.23432893456422,279.3067015738496,84.91333769673119
AVG_004,T_d6fbc49cad,50.371816438008906,0.4366652307397829,5.594437385730684,33.90130267594164,0.2106151856415671,0,40.78236350655427,0.387528911668826,0.28740684678707634,458.90187915857126,131.89154207362893,261.83598567652194,82.72949820956524
AVG_005,T_43635adaf4,19.828927072597512,0.2292894547219659,10.69389183939206,27.323981485845092,0.1430575250472259,1,54.57421378955556,0.4657197412230074,0.20633724545015542,458.90187915857126,94.68854967747968,477.5273484581728,100.0
AVG_005,T_5d9bea8b8d,47.632598647631696,0.6,1.3380801640435491,41.4802504837996,0.0591847929104875,1,55.46557473327861,0.6023709548084927,0.2759699091923551,458.90187915857126,126.64310991959202,265.8748703938049,83.23435879922562
AVG_005,T_d59909c892,32.189074412171614,0.3698078432621267,0.0,66.80904595832047,0.1500049721513872,0,42.801242551584785,0.2838460236789328,0.20616897124749142,458.90187915857126,94.61132832966327,293.92373051238775,86.74046631404846
AVG_005,T_1ddedfc50f,37.54573002565297,0.2424602882014984,18.507090965579795,5.0,0.1979055257373847,0,52.96218138875452,0.1557769531230219,0.30749366727975397,458.90187915857126,141.10942174403957,375.8334746657666,96.97918433322081
AVG_005,T_ae78e94003,19.587921582815017,0.1308708023352633,15.890364067432277,5.157883290540162,0.1242766330093979,0,66.69538147293883,0.414268966197222,0.20633724545015542,458.90187915857126,94.68854967747968,483.4027401894051,100.0
AVG_005,T_d49c34754b,41.27694698753184,0.3909324153131995,15.21778181508536,27.287400369536773,0.1010842864028389,1,58.88474200851541,0.1,0.30749366727975397,458.90187915857126,141.10942174403957,341.8601230044054,92.73251537555068
AVG_005,T_d5b4b813d1,30.02999034622631,0.5580427699360884,5.399186677654165,32.94675817918734,0.263863016073845,0,48.037879484201,0.4947934856746895,0.2089675058855663,458.90187915857126,95.89558113396618,319.33270716491194,89.91658839561399
AVG_005,T_4222c707be,44.82797794277194,0.0951979346022755,11.464077583795593,5.0,0.1308098761494465,1,52.72580587356116,0.1269898218830424,0.3120234394107396,458.90187915857126,143.188142687109,319.4169116213654,89.92711395267068
AVG_005,T_9950832589,39.60320488993138,0.0910977353448534,10.316397318971616,5.0,0.0379671897777676,0,67.28420812280152,0.3220993218225049,0.23415511900757593,458.90187915857126,107.45422412717548,271.3270919003183,83.91588648753978
AVG_005,T_c96bfdf4e6,22.02183759085864,0.2371921341277812,11.151626987137186,52.46113200185487,0.0772150929425153,0,53.44750038195212,0.1736101937272734,0.20633724545015542,458.90187915857126,94.68854967747968,429.9756970180604,100.0
AVG_005,T_32461ed49f,32.121292100108164,0.2615318023519327,9.205391010851534,82.49213100052863,0.0,1,43.72046976494331,0.3513197319234643,0.16821032745282213,11.963069338734957,2.0123118108094236,6.264728718066255,3.1323643590331276
AVG_005,T_ad398a8986,5.0,0.2355239175182041,23.41744477364501,25.931234032628144,0.1407846285444407,1,53.360464999730034,0.3338079622937033,0.20633724545015542,458.90187915857126,94.68854967747968,1893.7709935495939,100.0
AVG_005,T_86b7cd35ac,45.70972929110638,0.1830247385406654,5.9238968916710295,37.531934205553874,0.0733055714555054,1,61.06291156108709,0.1823235177352311,0.3120234394107396,458.90187915857126,143.188142687109,313.25528483269477,89.15691060408685
AVG_005,T_1bf726c4d5,30.562848485093976,0.1005947887467104,23.537677164399465,57.54709523284844,0.1278083193996352,0,49.70727693300107,0.4646550629171393,0.2089675058855663,458.90187915857126,95.89558113396618,313.7651949579768,89.2206493697471
AVG_005,T_cd65bb5078,17.70369106843734,0.1953751228873723,10.713749341769317,6.160425287199742,0.0786791406271333,1,41.316657024488826,0.4120888976921443,0.16083493010376088,458.90187915857126,73.80745165895333,416.9043131945485,100.0
AVG_005,T_3cb32801d7,34.70728530160683,0.1417050228399773,20.864361989848017,45.13166308380507,0.015055746737823,0,47.25348143737937,0.3346007257244933,0.1561998695900674,458.90187915857126,71.6804136792057,206.52843648329687,75.81605456041211
AVG_005,T_47a24a740b,55.64915931018107,0.3339283724484433,7.352939630919628,22.621068948172734,0.0674903285161512,0,65.99191555547813,0.5757592587220607,0.3120234394107396,458.90187915857126,143.188142687109,257.3051317612854,82.16314147016067
AVG_005,T_8e1ad2f476,27.835734322196178,0.045392445210149,12.422514763963733,11.47599366713134,0.0577915257801386,0,44.42845125861726,0.2396225454203172,0.16275993841140773,458.90187915857126,74.69084158872833,268.32718233400425,83.54089779175052
AVG_005,T_1430683cfb,46.792510212043744,0.3263190438706449,6.493478775494915,91.19137940192785,0.0838892439228483,0,42.04658815533965,0.7912183516255279,0.3509931132941848,458.90187915857126,161.0713992624187,344.22474565376314,93.0280932067204
AVG_005,T_d80f5bc425,15.24876032011454,0.0,13.26400126634772,12.5713790796549,0.2369884210778688,1,55.95439038487736,0.1,0.20633724545015542,458.90187915857126,94.68854967747968,620.9590005331557,100.0
RISKY_001,T_72e748cfd4,34.107635974626845,0.6925767383446312,33.873358491937054,16.319479910341784,0.2801552306812904,1,53.41664434417755,0.7488143226940146,0.21189810302258014,458.90187915857126,97.24043766719855,285.09873196587733,85.63734149573466
RISKY_001,T_b31a6e4932,36.63681907454567,0.1,22.39441511941017,66.90778278979904,0.2351927595452246,0,65.56987846758533,0.7440440576479533,0.30749366727975397,458.90187915857126,141.10942174403957,385.1574053329286,98.14467566661608
RISKY_001,T_956008f18c,5.0,0.3680702143263996,25.738832306035665,10.0,0.2977035127226458,1,70.39693526597561,0.8941101461391696,0.20635762078873843,458.90187915857126,94.69789995864392,1893.9579991728785,100.0
RISKY_001,T_342433ac39,26.087573123931257,0.5047607690647039,24.943065158971873,86.8070777276773,0.2037872924827554,0,79.3263884299112,0.822597344092729,0.24296868788256212,458.90187915857126,111.49878744600014,427.4019162929245,100.0
RISKY_001,T_c83a3d2055,16.858351136580634,0.6038472416074256,34.77382932974074,105.7823364793592,0.1620357572632493,1,78.60529707961446,0.9838224371698628,0.2487968988859306,458.90187915857126,114.17336442757859,677.2510757581497,100.0
RISKY_001,T_d2f82cb18d,26.11941147471405,0.5994544102286911,25.45928057150526,35.30689591794901,0.2914616285026703,1,70.87962896331003,0.7829377390769916,0.20898807256347818,458.90187915857126,95.90501922110799,367.1790971016048,95.8973871377006
RISKY_001,T_ae6e427003,30.490428378799063,0.2698615632574647,20.30143389788977,80.43942054110103,0.3378954027700893,0,56.89703250234561,0.4443407238397923,0.22701711269633573,458.90187915857126,104.17857961750161,341.67633961463196,92.709542451829
RISKY_001,T_80fbd924b8,19.62099455738085,0.3730899779964167,30.291025519133665,54.33829116868614,0.2731282022743365,1,76.72114315096437,0.8212692101022013,0.20635762078873843,458.90187915857126,94.69789995864392,482.63557528495056,100.0
RISKY_001,T_50ed1a0d8,34.348282138776014,0.6587486795440989,28.147014962032777,24.121517689954743,0.3155618061171382,1,84.12513069961005,0.9036148259761536,0.21189810302258014,458.90187915857126,97.24043766719855,283.1013128235113,85.38766410293891
RISKY_001,T_290a500f8,12.084517789133114,0.408193548794516,30.428191611200223,65.16887322151753,0.2735569870639894,1,64.3819345647441,0.6575710890013958,0.20635762078873843,458.90187915857126,94.69789995864392,783.6299437930414,100.0
RISKY_001,T_ddec121308,23.14785028892004,0.1,30.83863031212424,152.35658168331082,0.3925328943470306,1,77.248546715562,0.9633159524885334,0.2557463336362247,458.90187915857126,117.36247309357843,507.01240775587354,100.0
RISKY_001,T_44afa8b7b,18.252302074272485,0.1,27.13388934381313,37.4576108226113,0.2699635017911515,0,75.42858224477595,0.9036769013140036,0.20635762078873843,458.90187915857126,94.69789995864392,518.8271571076245,100.0
RISKY_001,T_8c7dcc396f,21.681413915393293,0.1,22.868691727398584,56.736242628735795,0.0948980587651945,1,65.5002961813535,0.5886396062032151,0.20635762078873843,458.90187915857126,94.69789995864392,436.76994649970976,100.0
RISKY_001,T_2ee14b874c,36.53187503936127,0.5705873887510444,23.95979150801208,104.7642007385941,0.1339088043613261,1,71.4732233048647,0.679524523725191,0.3695364083559093,458.90187915857126,169.58095221203592,464.19996791656854,100.0
RISKY_001,T_e202d5972c,25.24069912121339,0.5519641415552236,29.414870172250335,10.0,0.3690305703510118,0,63.83950974443875,0.9038022051386632,0.20898807256347818,458.90187915857126,95.90501922110799,379.9618178583065,97.49522723228831
RISKY_001,T_ac3dbaca46,14.74163488347538,0.2312525876566658,33.21524597056496,10.0,0.3628991100962017,1,58.07604669557566,0.6625327391545963,0.20635762078873843,458.90187915857126,94.69789995864392,642.3839737395438,100.0
RISKY_001,T_55e96e8054,29.500578907245934,0.5964855619525676,11.246710928991629,63.85631525922663,0.1636814337655723,0,56.49900881873579,0.990634365702752,0.20898807256347818,458.90187915857126,95.90501922110799,325.0953804081173,90.63692255101466
RISKY_001,T_c64e992060,5.0,0.3145451631981444,18.587049273852394,29.01526391937976,0.2594826859730376,0,50.0,0.6930485293727741,0.20635762078873843,458.90187915857126,94.69789995864392,1893.9579991728785,100.0
RISKY_001,T_9cf92a3a7c,33.22953944912268,0.2681794222793288,18.030271423793486,160.03852406360613,0.2556411567169571,1,52.23601703657705,0.6519055299544617,0.2588010508432332,458.90187915857126,118.76428856017264,357.4057616477385,94.67572020596731
RISKY_001,T_c436bd5926,26.458048623330217,0.631612568703597,15.37842731279176,68.54535456539297,0.1913948360024441,0,63.59509928144574,0.7093659559393594,0.20898807256347818,458.90187915857126,95.90501922110799,362.47956372920385,95.30994546615048
RISKY_002,T_a014374a05,31.57035044832189,0.5470187736994225,26.9071069986994,76.45544218987331,0.2069541666538042,1,67.64165756185818,0.7039954068261094,0.20898807256347818,458.90187915857126,95.90501922110799,303.7819278506165,87.97274098132706
RISKY_002,T_8f0c4400a7,21.593257967953868,0.1819287583957592,31.15885514444284,10.0,0.2717273158228624,1,74.88668524467307,0.775593761780969,0.20635762078873843,458.90187915857126,94.69789995864392,438.5530895763076,100.0
RISKY_002,T_57f8e0e9a0,35.860875391333444,0.3995874369193287,18.71218713654916,68.4049753810052,0.2698381160626439,1,61.93718179315316,0.5459634843611738,0.30749366727975397,458.90187915857126,141.10942174403957,393.4912915654638,99.18641144568298
RISKY_002,T_db6babacb8,63.21228923687867,0.4963320888473035,32.721363941829324,83.51470548322911,0.2892010937365756,0,69.08459980581792,0.670376725780553,0.35523356568405623,458.90187915857126,163.01735083261315,257.88869980919344,82.23608747614918
RISKY_002,T_9dc066bce,47.83176171530811,0.3168244577759127,28.472078587600855,90.0741766118002,0.1095208452389672,0,69.05805424649166,0.5833603357176419,0.35523356568405623,458.90187915857126,163.01735083261315,340.8140218687386,92.60175273359232
RISKY_002,T_4b6a050b7f,20.095498259670165,0.1970916016104171,39.21746272206179,106.35189473464771,0.2489803884374954,0,71.5929778382964,0.7457875387343952,0.24886494926320166,458.90187915857126,114.20459287358574,568.3093367372928,100.0
RISKY_002,T_62a3d01ea6,38.47730068214654,0.545320593464796,25.11744111911769,48.40054584529588,0.2629929854166073,1,56.66525681265799,0.5292281473013721,0.30749366727975397,458.90187915857126,141.10942174403957,366.73420235405,95.84177529425625
RISKY_002,T_c72e4e1e59,41.05254796380077,0.491082105392252,21.175335537969403,132.3298642751964,0.2006531790846124,1,66.03086158762208,0.7670622230229215,0.3695364083559093,458.90187915857126,169.58095221203592,413.08264802849425,100.0
RISKY_002,T_9e553da26f,9.312761229771182,0.6493109768996809,17.050416983148136,91.78371370233516,0.3422639722787853,1,89.1644487673541,0.6354841024034009,0.23344898640746134,458.90187915857126,107.13017855004777,1150.358909746041,100.0
RISKY_002,T_c68446383f,72.86157634709798,0.5820885133096875,28.98338347415503,84.09026638589663,0.137704295089287,1,57.75295222349459,0.9238424373565348,0.35523356568405623,458.90187915857126,163.01735083261315,223.735690339763,77.96696129247037
RISKY_002,T_adf347366f,55.835399129934736,0.4607570862564641,29.664865085261944,60.28560924417762,0.0689786678913183,0,59.07104758901251,0.5329493135377477,0.3120234394107396,458.90187915857126,143.188142687109,256.44688659589485,82.05586082448686
RISKY_002,T_25eb01c34a,24.867706639019293,0.5259375161227967,22.527821078430005,73.08515670226255,0.3464550682239333,1,75.30693938024733,0.7205993553232476,0.20898807256347818,458.90187915857126,95.90501922110799,385.66089190800506,98.20761148850063
RISKY_002,T_19342b64c2,16.273130107807482,0.1,22.907504791468785,82.25986767972931,0.1213869963291209,1,70.53752562990502,0.4265987990910931,0.22422406151328875,458.90187915857126,102.89684318101529,632.3113162577597,100.0
RISKY_002,T_14e466a3ad,20.559832734982432,0.5274117458791487,15.770600668801915,86.33792201998939,0.3522407225360472,0,69.04714212986066,0.6798035530013561,0.23344898640746134,458.90187915857126,107.13017855004777,521.0654188239888,100.0
RISKY_002,T_b43262a42d,17.932100546627797,0.4890207946285776,30.035232048817605,85.27495252484609,0.3318763950347442,0,77.84688716131686,0.8806234155549958,0.23344898640746134,458.90187915857126,107.13017855004777,597.4212461695907,100.0
RISKY_002,T_15f73116af,51.0132279046945,0.7586985712029107,27.053269845698093,11.42056418015514,0.1786180502781288,1,67.20323168867107,0.673190787102131,0.3120234394107396,458.90187915857126,143.188142687109,280.6882617869631,85.08603272337038
RISKY_002,T_c780dbf9ec,26.11186111027375,0.2903693284490332,26.69109180038614,95.6181972821553,0.2996343034340731,1,71.98578620681516,0.8234075908407613,0.24296868788256212,458.90187915857126,111.49878744600014,427.00436776653487,100.0
RISKY_002,T_ccc10623ef,29.57973322656384,0.4715068360107269,26.72078508655229,110.90159230331042,0.3055145681944831,1,61.9087401505896,0.7601506887094064,0.2588010508432332,458.90187915857126,118.76428856017264,401.5056107859598,100.0
RISKY_002,T_2358169fd6,34.861338334800706,0.8913050614280804,20.80981777167012,96.89156076501438,0.3568462067244298,1,93.37845119172164,0.6932941062402785,0.24620460544681727,458.90187915857126,112.98375609703905,324.0947177987478,90.51183972484347
RISKY_002,T_c324d4e54e,70.5597766091908,0.3796950529713414,26.99147128317326,113.8521624923092,0.2819094834023574,1,69.05034689407329,0.7001747205241492,0.3744859031569551,458.90187915857126,171.85228467712145,243.55559631227166,80.44444953903395
RISKY_003,T_8348d1798f,40.97238611911402,0.3061036908042904,19.44588990201545,42.29280341874638,0.3436569355856788,1,71.27362475656486,0.7404736988342597,0.30749366727975397,458.90187915857126,141.10942174403957,344.4012787876434,93.05015984845542
RISKY_003,T_1ba1b8e926,22.17692032820425,0.2348855427713969,26.794378457452755,104.03837138799588,0.2832532313097641,1,76.77484842091394,0.6384208609356549,0.2487968988859306,458.90187915857126,114.17336442757859,514.8296640736664,100.0
RISKY_003,T_183fe9acaa,20.757373737382142,0.7102316697304062,30.067372328218795,104.19973502715492,0.374721142114245,1,52.90773896089844,0.6392435128684338,0.2487968988859306,458.90187915857126,114.17336442757859,550.0376197493748,100.0
RISKY_003,T_52b17a17d1,39.04510280140015,0.2344833504792574,22.602775487557075,31.335851388423805,0.2835042367537413,1,74.81028664763656,0.8261592677457379,0.30749366727975397,458.90187915857126,141.10942174403957,361.40107624195934,95.17513453024492
RISKY_003,T_98355f6280,22.973614531508133,0.8742286805267335,26.87544893185678,10.0,0.1497624254233782,0,70.17334629151307,0.731729216392,0.20635762078873843,458.90187915857126,94.69789995864392,412.2028766033594,100.0
RISKY_003,T_55c305e76e,27.29539465725699,0.5597965748153821,30.808786891570676,42.75706048231587,0.1500855108668987,1,71.73007139652226,0.4715532649328314,0.2089675058855663,458.90187915857126,95.89558113396618,351.325131356804,93.91564141960049
RISKY_003,T_91f94583d0,25.584784147091252,0.4069701668457742,18.49287670122659,58.4185927231544,0.2323140806427203,1,76.04791582550568,0.9121284307426308,0.20898807256347818,458.90187915857126,95.90501922110799,374.85178170639944,96.85647271329992
RISKY_003,T_d3d4294f45,17.003757920108416,0.5375311347068613,29.886759331286832,62.63198266964458,0.3290393476966172,0,82.91686465658672,1.0,0.20635762078873843,458.90187915857126,94.69789995864392,556.9233601394398,100.0
RISKY_003,T_1d77ca34fb,18.0893468745172,0.452255539323732,24.21541145173994,54.02948321559455,0.1014437996768928,0,62.316443404520875,0.7628990221121438,0.20635762078873843,458.90187915857126,94.69789995864392,523.5009346415188,100.0
RISKY_003,T_ca57a468a5,10.696388391954384,0.4968596720753795,26.20737221445197,103.17127885283732,0.4685863766417625,0,74.85081767064129,0.5883658006699012,0.2487968988859306,458.90187915857126,114.17336442757859,1067.4010726223964,100.0
RISKY_003,T_a3dc6b634c,17.910095867523037,0.2653040440133393,16.64844742825086,78.43604315133788,0.2409807586622611,1,66.950267812869,0.9344063576475156,0.23344898640746134,458.90187915857126,107.13017855004777,598.155249097859,100.0
RISKY_003,T_8e25f27af5,14.451270376955144,0.6385187241799585,28.938375295504297,55.17925517405354,0.0917832983873082,1,69.4529556315073,0.9248508134825728,0.20635762078873843,458.90187915857126,94.69789995864392,655.2911784811308,100.0
RISKY_003,T_b023186e2f,38.263865713403106,0.5850289319789796,8.0,121.351446717556,0.1317549427793562,1,72.46683149610745,0.9126879587195768,0.3695364083559093,458.90187915857126,169.58095221203592,443.18823791145314,100.0
RISKY_003,T_e7ab2ed06b,5.0,0.2930441505688017,26.10564103482624,72.20080455520852,0.297761072975677,1,76.08451736429679,0.7178587586168302,0.20635762078873843,458.90187915857126,94.69789995864392,1893.9579991728785,100.0
RISKY_003,T_d6074e6f89,58.292837378341225,0.533273629627791,16.27642197959618,105.25098920486305,0.3408393297267304,1,50.0,0.5582867455932295,0.3744859031569551,458.90187915857126,171.85228467712145,294.8085775302702,86.85107219128378
RISKY_003,T_858fa5f67b,40.462324678815,0.1,34.88197910648218,80.53422366174692,0.3604940488957726,1,74.58559136212169,0.8044513871571775,0.3503959865641527,458.90187915857126,160.79737668391118,397.40024321464756,99.67503040183095
RISKY_003,T_560c2f2f54,43.91613599326808,0.6442012671918377,12.35728545723572,97.86646061115614,0.3641480768103218,0,65.733950169409,0.9247416667782192,0.3744859031569551,458.90187915857126,171.85228467712145,391.3192287761035,98.91490359701294
RISKY_003,T_c8d3daf158,35.54037089549857,0.2999996527502977,20.9407953887966,67.75523806160184,0.2009777849961224,0,50.0,0.6847950789415299,0.21189810302258014,458.90187915857126,97.24043766719855,273.6055792808699,84.20069741010875
RISKY_003,T_b9390432d4,30.83909025198601,0.837076236705822,25.1070065017269,131.64116220736545,0.2761420412729968,0,72.79241553933562,0.9553176947855344,0.2588010508432332,458.90187915857126,118.76428856017264,385.1095722660766,98.13869653325958
RISKY_003,T_9ae1d79524,47.103799214164205,0.5232665867300088,22.69371633498145,96.19929275698708,0.4734386246197682,1,74.19464892853249,0.9386668426304164,0.35523356568405623,458.90187915857126,163.01735083261315,346.0811092783223,93.26013865979029
RISKY_004,T_3a67ff5c07,6.712387900499185,0.1,29.13362254918773,10.0,0.3969937230941231,1,79.99674019871989,0.6146833292728423,0.20635762078873843,458.90187915857126,94.69789995864392,1410.793019747882,100.0
RISKY_004,T_23107eb3a1,52.191932157782894,0.4432793120087716,21.067673390742673,83.38645122931055,0.5267435892032261,1,80.49498605863319,0.8765905337330033,0.35523356568405623,458.90187915857126,163.01735083261315,312.3420499930733,89.04275624913416
RISKY_004,T_b009993ffc,41.241855231098455,0.1,23.491310935951923,112.46942839986008,0.1530199604884926,1,63.08230256997687,0.9753043877764696,0.3695364083559093,458.90187915857126,169.58095221203592,411.1865270410126,100.0
RISKY_004,T_8adee5f560,48.138968526380665,0.5743202626241943,24.702005979582985,87.90225130110014,0.1314815419467682,1,71.50081130345023,0.7985985384408216,0.35523356568405623,458.90187915857126,163.01735083261315,338.63906066719716,92.32988258339964
RISKY_004,T_d8fc368c4d,24.18318066676064,0.7639996969997894,17.015811253648977,65.90939860200923,0.2980334295881379,1,84.80099203713917,0.9179095742997572,0.20898807256347818,458.90187915857126,95.90501922110799,396.57735904412175,99.57216988051522
RISKY_004,T_fafd24f6d,37.56666971493703,0.6077815766766479,16.194709886125118,70.46254596078789,0.2385222050998077,1,66.45302697040323,0.3841125542141076,0.30749366727975397,458.90187915857126,141.10942174403957,375.6239848110159,96.95299810137698
RISKY_004,T_a1154c5f25,20.788728369834477,0.4585262048875493,24.30636239326301,69.05184016728927,0.3290340581784703,1,64.8298577504564,0.8526056869676072,0.20635762078873843,458.90187915857126,94.69789995864392,455.52521671337763,100.0
RISKY_004,T_88cb06eb30,16.688042628867603,0.5837110686513471,33.98475704353231,78.20019169427975,0.0539154401530467,1,53.40112118580312,0.7963198915272248,0.1819995868432925,458.90187915857126,83.51995240847052,500.477822749533,100.0
RISKY_004,T_851436c6ba,19.53664190105538,0.3616179965840619,23.53361954858192,54.23166998454207,0.3088703278215151,0,79.80190871671822,0.7921759748465219,0.20635762078873843,458.90187915857126,94.69789995864392,484.7194335559187,100.0
RISKY_004,T_9176a2bd3c,16.48448956117572,0.5651969740828041,18.07248092934171,14.100148038102454,0.2790733177866822,1,50.0,0.66964276908459,0.20635762078873843,458.90187915857126,94.69789995864392,574.4666803737524,100.0
RISKY_004,T_89e656892c,5.0,0.109444277621338,13.46919360212757,124.398785724228,0.3856763157463963,1,63.67914177191089,0.8424353094829969,0.24886494926320166,458.90187915857126,114.20459287358574,2284.091857471715,100.0
RISKY_004,T_a869405ad7,29.747449143998608,0.3938533198298576,37.39912452903301,62.57079647333042,0.2600936791735154,1,91.06884733278146,0.6634727290277531,0.20898807256347818,458.90187915857126,95.90501922110799,322.3974558519628,90.29968198149535
RISKY_004,T_36ad9083bb,34.146215463806314,0.1455601449617143,33.220648564430576,39.26737870554967,0.2602472367103157,0,60.41988399298771,0.6025347108512588,0.21189810302258014,458.90187915857126,97.24043766719855,284.7766182763935,85.59707728454919
RISKY_004,T_bdc811bab,24.358437141606267,0.4240527593622993,25.56090526986573,102.84696265164187,0.152838122698704,1,78.19343097059748,1.0,0.25873121937450133,458.90187915857126,118.7322427679472,487.4378519348538,100.0
RISKY_004,T_9f06dd25a0,31.34389151052652,0.6037931743147491,31.552833351297107,58.59651386493152,0.2096837323069951,0,61.724157592653384,0.6884199017977478,0.20898807256347818,458.90187915857126,95.90501922110799,305.97674570465915,88.2470932130824
RISKY_004,T_6bb51cbf26,19.45867560268194,0.3290802767640918,10.260924303754624,10.0,0.1240586933293866,0,68.45389241380092,0.5716679769603592,0.20635762078873843,458.90187915857126,94.69789995864392,486.66158937143666,100.0
RISKY_004,T_3216d1e09e,38.76253610028435,0.3618984278304013,35.58003465218498,106.47790357722069,0.2516129415276004,0,65.66767343376979,0.7991619704927925,0.3695364083559093,458.90187915857126,169.58095221203592,437.48673144942114,100.0
RISKY_004,T_c109788c67,33.26160622954892,0.4572961511228463,8.747043450695784,88.46855136682387,0.3262149241958686,1,88.16526996140105,0.6178142328845925,0.24296868788256212,458.90187915857126,111.49878744600014,335.217688155261,91.90221101940762
RISKY_004,T_57d7bfffd5,19.47349580599826,0.4299404665113183,24.08542265596202,84.28420120037887,0.33479587434637,1,69.97749755495843,0.872297410825745,0.23344898640746134,458.90187915857126,107.13017855004777,550.1332663498936,100.0
RISKY_004,T_4a6d8d778b,38.29615180537867,0.2976016952346019,33.725279488705056,168.42563509572958,0.2377916112028608,0,64.51927066755177,0.9347812701433956,0.3695364083559093,458.90187915857126,169.58095221203592,442.81460203585885,100.0
RISKY_005,T_3d17925b9d,25.39309390371322,0.6517336711909678,28.875627513987375,128.70900749804545,0.3419423676646985,0,73.58796083906255,0.8857889102240932,0.2588010508432332,458.90187915857126,118.76428856017264,467.70310467290403,100.0
RISKY_005,T_99adf523a,38.32860111419136,0.7913535280837947,26.729637410581503,112.19522263449517,0.262374001441139,1,70.10982892582402,0.9653991026651572,0.3695364083559093,458.90187915857126,169.58095221203592,442.4397115532811,100.0
RISKY_005,T_9055df2d98,24.42873395876897,0.4069511086847691,39.258350341637694,71.44812552600176,0.0699521308265819,1,76.82392509812793,0.73949807117808,0.20898807256347818,458.90187915857126,95.90501922110799,392.5910339151318,99.07387923939147
RISKY_005,T_4dd95ce95d,17.019857518472488,0.3416033199547615,34.18605139612791,101.68781142897024,0.274468192548735,0,68.25031963285822,0.90684601803139,0.2487968988859306,458.90187915857126,114.17336442757859,670.8244431756295,100.0
RISKY_005,T_14a8fce94f,22.693296587772327,0.572888024578495,30.049906624537183,99.20964610047066,0.2907728369618039,0,77.87482704385525,0.7431662809868189,0.24864636743375798,458.90187915857126,114.10428526130411,502.81053182368464,100.0
RISKY_005,T_21906f86f9,35.83556385650645,0.8541279397551664,11.120191343636538,99.99152417183195,0.0820889572376282,0,65.66372514845813,0.4372457554980183,0.3491355420778447,458.90187915857126,160.21895634056935,447.09483847420853,100.0
RISKY_005,T_3f2113d01b,55.23575378010147,0.1,31.716544726194016,137.4002471195574,0.3990124342296572,0,70.46058138577115,0.9492234931343696,0.3744859031569551,458.90187915857126,171.85228467712145,311.12508278837095,88.89063534854637
RISKY_005,T_d8f50e4beb,52.101196221626346,0.2616924795540398,26.610758825719376,97.58064577165716,0.069038303108277,1,92.72991825979388,0.8459904248701187,0.3744859031569551,458.90187915857126,171.85228467712145,329.8432610761985,91.23040763452481
RISKY_005,T_ceb2b825c1,44.51998206830797,0.4353563352032357,28.050171120647803,47.3669340806227,0.1536224812765611,1,83.72342342866519,0.6013340526618974,0.3120234394107396,458.90187915857126,143.188142687109,321.6266854452285,90.20333568065357
RISKY_005,T_b0f2a2fb28,17.501061126941302,0.5179617148980862,28.681749115480507,119.77401872497272,0.2582718201863189,0,73.09412839759925,0.8436276408704299,0.24886494926320166,458.90187915857126,114.20459287358574,652.5581051641383,100.0
RISKY_005,T_e7394e107d,45.57434893475728,0.5439649846409933,30.70397940276079,15.67256755153834,0.1677297976920899,0,72.86891118292604,0.4629330397756611,0.3120234394107396,458.90187915857126,143.188142687109,314.185821704425,89.27322771305313
RISKY_005,T_3491400fd2,42.40759199431833,0.7322633971753424,24.297314571170403,88.18826744082119,0.3678954578591648,1,60.0715319216606,0.7205252369402839,0.35523356568405623,458.90187915857126,163.01735083261315,384.4060536482567,98.05075670603209
RISKY_005,T_85d5fc4968,43.95566786434338,0.1163930800221806,31.589767416350337,55.88086749731985,0.2107773987079716,1,63.21020685648018,0.7488649055053274,0.3120234394107396,458.90187915857126,143.188142687109,325.7558118079751,90.71947647599688
RISKY_005,T_be6ac87b86,50.296103663130886,0.7814752240464994,19.523551806561596,52.67632793659301,0.4037357551897802,1,64.47975270988424,0.726730030322911,0.3120234394107396,458.90187915857126,143.188142687109,284.69032839232,85.58629104904
RISKY_005,T_3798b6f8ce,48.11137542466801,0.2866413641459488,24.660529519367135,83.60627310670293,0.1513759889483402,1,70.053228604517,0.9210314218405103,0.35523356568405623,458.90187915857126,163.01735083261315,338.83327881129276,92.3541598514116
RISKY_005,T_77c40d69c,51.70588044046653,0.4072093712278377,30.31433841644509,56.59246204291954,0.3088640151737403,1,60.30601422261379,0.606474493068053,0.3120234394107396,458.90187915857126,143.188142687109,276.9281587845196,84.61601984806495
RISKY_005,T_cfcc363e39,17.597863419103895,0.7780708187796622,20.89090991428072,91.64820804525974,0.4892676723018241,1,51.02185500100224,0.942988519693085,0.23344898640746134,458.90187915857126,107.13017855004777,608.7680987099227,100.0
RISKY_005,T_7527c70004,24.789257496022024,0.332816357909683,27.14530224764253,41.978551712570315,0.2320059912116694,0,59.91691113725738,0.6449873955531167,0.20898807256347818,458.90187915857126,95.90501922110799,386.8813708377431,98.36017135471789
RISKY_005,T_ac7c075a93,51.53967187202664,0.3654878034402507,25.950372319223213,64.01804233646286,0.2228623507068275,1,63.442565375676864,0.8536593848800316,0.3120234394107396,458.90187915857126,143.188142687109,277.82121516537035,84.7276518956713
RISKY_005,T_3f57282839,48.49295614963514,0.5470396462955415,23.083062756522825,94.6194938015402,0.4065779531203254,1,52.265854611903194,0.8180993447170438,0.35523356568405623,458.90187915857126,163.01735083261315,336.167072037409,92.02088400467613
